CohortMonth,1.0,2.0,3.0,4.0,5.0,6.0,7.0,8.0,9.0,10.0,11.0,12.0,13.0,14.0,15.0,16.0,17.0,18.0,19.0,20.0,21.0,22.0,23.0,24.0,25.0,26.0,27.0,28.0,29.0,30.0
2024-01-01,1.0,0.14232673267326731,0.16955445544554457,0.1485148514851485,0.1646039603960396,0.14727722772277227,0.16274752475247525,0.1782178217821782,0.14356435643564355,0.17202970297029702,0.17264851485148514,0.16893564356435645,0.1670792079207921,0.1547029702970297,0.1707920792079208,0.1639851485148515,0.1707920792079208,0.17017326732673269,0.15903465346534654,0.1478960396039604,0.15655940594059406,0.16893564356435645,0.15655940594059406,0.15841584158415842,0.16274752475247525,0.09777227722772278,0.1219059405940594,0.11014851485148515,0.11633663366336634,0.10148514851485149
2024-02-01,1.0,0.1733226837060703,0.16373801916932906,0.16373801916932906,0.15495207667731628,0.17012779552715654,0.16773162939297126,0.1365814696485623,0.1501597444089457,0.1389776357827476,0.17492012779552715,0.17412140575079874,0.14217252396166133,0.16054313099041534,0.16533546325878595,0.1597444089456869,0.16373801916932906,0.1501597444089457,0.18929712460063897,0.1485623003194888,0.1573482428115016,0.18130990415335463,0.15495207667731628,0.16373801916932906,0.10463258785942492,0.11261980830670927,0.11261980830670927,0.13019169329073482,0.1269968051118211,
2024-03-01,1.0,0.17597292724196278,0.15397631133671744,0.17174280879864637,0.1649746192893401,0.15397631133671744,0.14720812182741116,0.1548223350253807,0.1463620981387479,0.1505922165820643,0.17089678510998307,0.13705583756345177,0.1700507614213198,0.1446700507614213,0.16074450084602368,0.17428087986463622,0.15651438240270726,0.17681895093062605,0.16412859560067683,0.17681895093062605,0.16074450084602368,0.1455160744500846,0.1700507614213198,0.10575296108291032,0.11590524534686972,0.10913705583756345,0.11759729272419628,0.09898477157360407,,
2024-04-01,1.0,0.17429193899782136,0.1655773420479303,0.16230936819172112,0.16013071895424835,0.1394335511982571,0.14052287581699346,0.1775599128540305,0.1721132897603486,0.16339869281045752,0.1394335511982571,0.16339869281045752,0.14270152505446623,0.1655773420479303,0.16666666666666666,0.16230936819172112,0.15359477124183007,0.1710239651416122,0.1568627450980392,0.1721132897603486,0.16013071895424835,0.16775599128540306,0.10675381263616558,0.1187363834422658,0.10130718954248366,0.12091503267973856,0.09477124183006536,,,
2024-05-01,1.0,0.17552533992583436,0.173053152039555,0.15698393077873918,0.15451174289245984,0.20024721878862795,0.15945611866501855,0.15822002472187885,0.15945611866501855,0.1668726823238566,0.18665018541409148,0.15945611866501855,0.1681087762669963,0.14091470951792337,0.18170580964153277,0.1557478368355995,0.14833127317676142,0.15451174289245984,0.17058096415327564,0.15698393077873918,0.17181705809641531,0.1100123609394314,0.11990111248454882,0.103831891223733,0.1273176761433869,0.12360939431396786,,,,
2024-06-01,1.0,0.17378048780487804,0.17530487804878048,0.17073170731707318,0.14939024390243902,0.1524390243902439,0.16463414634146342,0.1600609756097561,0.1402439024390244,0.16158536585365854,0.13567073170731708,0.15701219512195122,0.17378048780487804,0.15853658536585366,0.16615853658536586,0.16615853658536586,0.16310975609756098,0.15396341463414634,0.15396341463414634,0.15548780487804878,0.10670731707317073,0.10060975609756098,0.11890243902439024,0.12195121951219512,0.0975609756097561,,,,,
2024-07-01,1.0,0.15875912408759124,0.14051094890510948,0.17518248175182483,0.16423357664233576,0.18613138686131386,0.14963503649635038,0.1551094890510949,0.17153284671532848,0.17883211678832117,0.17153284671532848,0.1678832116788321,0.1678832116788321,0.1843065693430657,0.15145985401459855,0.14963503649635038,0.17153284671532848,0.145985401459854,0.14963503649635038,0.07481751824817519,0.13138686131386862,0.12408759124087591,0.09671532846715329,0.11678832116788321,,,,,,
2024-08-01,1.0,0.1801125703564728,0.1726078799249531,0.17636022514071295,0.17823639774859287,0.15947467166979362,0.15947467166979362,0.1575984990619137,0.14446529080675422,0.1651031894934334,0.17636022514071295,0.17073170731707318,0.15947467166979362,0.18761726078799248,0.1894934333958724,0.1294559099437148,0.13883677298311445,0.17823639774859287,0.1125703564727955,0.1275797373358349,0.10881801125703565,0.13133208255159476,0.1125703564727955,,,,,,,
2024-09-01,1.0,0.15384615384615385,0.1588089330024814,0.1488833746898263,0.1761786600496278,0.13647642679900746,0.15384615384615385,0.1662531017369727,0.16377171215880892,0.15632754342431762,0.1588089330024814,0.1761786600496278,0.1662531017369727,0.20347394540942929,0.13399503722084366,0.16129032258064516,0.1935483870967742,0.09181141439205956,0.09429280397022333,0.1315136476426799,0.10669975186104218,0.10918114143920596,,,,,,,,
2024-10-01,1.0,0.16718266253869968,0.2043343653250774,0.19195046439628483,0.12074303405572756,0.19504643962848298,0.2043343653250774,0.17956656346749225,0.17956656346749225,0.18885448916408668,0.1609907120743034,0.13312693498452013,0.14241486068111456,0.17647058823529413,0.15170278637770898,0.15170278637770898,0.10526315789473684,0.13622291021671826,0.11764705882352941,0.12693498452012383,0.08978328173374613,,,,,,,,,
2024-11-01,1.0,0.15789473684210525,0.16917293233082706,0.13157894736842105,0.16917293233082706,0.17293233082706766,0.13157894736842105,0.13909774436090225,0.16541353383458646,0.23308270676691728,0.16541353383458646,0.16165413533834586,0.12406015037593984,0.12030075187969924,0.17293233082706766,0.07894736842105263,0.09774436090225563,0.09774436090225563,0.08270676691729323,0.10150375939849623,,,,,,,,,,
2024-12-01,1.0,0.14963503649635038,0.14233576642335766,0.18613138686131386,0.12773722627737227,0.15693430656934307,0.18248175182481752,0.17883211678832117,0.14233576642335766,0.22627737226277372,0.13138686131386862,0.18248175182481752,0.15693430656934307,0.13138686131386862,0.13138686131386862,0.12043795620437957,0.10583941605839416,0.09124087591240876,0.0948905109489051,,,,,,,,,,,
2025-01-01,1.0,0.1595744680851064,0.11702127659574468,0.13297872340425532,0.15425531914893617,0.19148936170212766,0.23404255319148937,0.1276595744680851,0.19680851063829788,0.12234042553191489,0.21808510638297873,0.18617021276595744,0.1702127659574468,0.09042553191489362,0.09042553191489362,0.10638297872340426,0.10106382978723404,0.09574468085106383,,,,,,,,,,,,
2025-02-01,1.0,0.18,0.26,0.12666666666666668,0.19333333333333333,0.18666666666666668,0.14,0.12,0.12666666666666668,0.18,0.14666666666666667,0.13333333333333333,0.12666666666666668,0.12666666666666668,0.13333333333333333,0.15333333333333332,0.12666666666666668,,,,,,,,,,,,,
2025-03-01,1.0,0.17518248175182483,0.16058394160583941,0.17518248175182483,0.10218978102189781,0.11678832116788321,0.15328467153284672,0.19708029197080293,0.1897810218978102,0.145985401459854,0.19708029197080293,0.13138686131386862,0.12408759124087591,0.10218978102189781,0.13138686131386862,0.145985401459854,,,,,,,,,,,,,,
2025-04-01,1.0,0.18604651162790697,0.18604651162790697,0.13953488372093023,0.14728682170542637,0.20930232558139536,0.20930232558139536,0.14728682170542637,0.13953488372093023,0.15503875968992248,0.10077519379844961,0.10077519379844961,0.11627906976744186,0.15503875968992248,0.08527131782945736,,,,,,,,,,,,,,,
2025-05-01,1.0,0.11926605504587157,0.1834862385321101,0.1926605504587156,0.23853211009174313,0.14678899082568808,0.1926605504587156,0.21100917431192662,0.13761467889908258,0.11009174311926606,0.13761467889908258,0.11009174311926606,0.1651376146788991,0.08256880733944955,,,,,,,,,,,,,,,,
2025-06-01,1.0,0.12087912087912088,0.15384615384615385,0.14285714285714285,0.17582417582417584,0.10989010989010989,0.23076923076923078,0.14285714285714285,0.0989010989010989,0.07692307692307693,0.16483516483516483,0.12087912087912088,0.12087912087912088,,,,,,,,,,,,,,,,,
2025-07-01,1.0,0.14084507042253522,0.11267605633802817,0.18309859154929578,0.15492957746478872,0.16901408450704225,0.2112676056338028,0.07042253521126761,0.08450704225352113,0.09859154929577464,0.1267605633802817,0.1267605633802817,,,,,,,,,,,,,,,,,,
2025-08-01,1.0,0.1724137931034483,0.13793103448275862,0.20689655172413793,0.2413793103448276,0.1206896551724138,0.15517241379310345,0.1206896551724138,0.10344827586206896,0.13793103448275862,0.06896551724137931,,,,,,,,,,,,,,,,,,,
2025-09-01,1.0,0.0975609756097561,0.12195121951219512,0.17073170731707318,0.12195121951219512,0.24390243902439024,0.17073170731707318,0.07317073170731707,0.12195121951219512,0.17073170731707318,,,,,,,,,,,,,,,,,,,,
2025-10-01,1.0,0.23809523809523808,0.21428571428571427,0.09523809523809523,0.11904761904761904,0.14285714285714285,0.07142857142857142,0.09523809523809523,0.14285714285714285,,,,,,,,,,,,,,,,,,,,,
2025-11-01,1.0,0.175,0.225,0.05,0.125,0.075,0.1,0.125,,,,,,,,,,,,,,,,,,,,,,
2025-12-01,1.0,0.09090909090909091,0.13636363636363635,0.13636363636363635,0.18181818181818182,0.18181818181818182,0.09090909090909091,,,,,,,,,,,,,,,,,,,,,,,
2026-01-01,1.0,0.043478260869565216,0.043478260869565216,0.08695652173913043,0.08695652173913043,0.08695652173913043,,,,,,,,,,,,,,,,,,,,,,,,
2026-02-01,1.0,0.125,0.0625,0.0625,0.0625,,,,,,,,,,,,,,,,,,,,,,,,,
2026-03-01,1.0,0.07142857142857142,0.14285714285714285,0.2857142857142857,,,,,,,,,,,,,,,,,,,,,,,,,,
2026-04-01,1.0,0.15384615384615385,0.07692307692307693,,,,,,,,,,,,,,,,,,,,,,,,,,,
2026-05-01,1.0,0.14285714285714285,,,,,,,,,,,,,,,,,,,,,,,,,,,,
2026-06-01,1.0,,,,,,,,,,,,,,,,,,,,,,,,,,,,,
